"氏名","ふりがな","氏名ふりがな"
"青木 かの","あおき かの","青木 かの(あおき かの)"
"石島 秀起","いしじま ひでき","石島 秀起(いしじま ひでき)"
"石田 英朗","いしだ ひでお","石田 英朗(いしだ ひでお)"
"礒野 忠","いその ちゅう","礒野 忠(いその ちゅう)"
"瓜生 正高","うりう まさたか","瓜生 正高(うりう まさたか)"
"海老原 崇智","えびはら たかさと","海老原 崇智(えびはら たかさと)"
"太田 太","おおた ふとし","太田 太(おおた ふとし)"
"奥村 暁子","おくむら あきこ","奥村 暁子(おくむら あきこ)"
"小栗 智恵子","おぐり ちえこ","小栗 智恵子(おぐり ちえこ)"
"押田 まり子","おしだ まりこ","押田 まり子(おしだ まりこ)"
"梶谷 優香","かじがや ゆうか","梶谷 優香(かじがや ゆうか)"
"加藤 博司","かとう ひろし","加藤 博司(かとう ひろし)"
"かみや 俊宏","かみや としひろ","かみや 俊宏(かみや としひろ)"
"木村 克一","きむら かついち","木村 克一(きむら かついち)"
"小坂 和輝","こさか かずき","小坂 和輝(こさか かずき)"
"佐藤 あつこ","さとう あつこ","佐藤 あつこ(さとう あつこ)"
"志村 孝美","しむら たかよし","志村 孝美(しむら たかよし)"
"しらす 夏","しらす なつ","しらす 夏(しらす なつ)"
"鈴木 久雄","すずき ひさお","鈴木 久雄(すずき ひさお)"
"墨谷 浩一","すみや こういち","墨谷 浩一(すみや こういち)"
"染谷 眞人","そめや まこと","染谷 眞人(そめや まこと)"
"高橋 元気","たかはし げんき","高橋 元気(たかはし げんき)"
"高橋 まきこ","たかはし まきこ","高橋 まきこ(たかはし まきこ)"
"竹内 幸美","たけうち ゆきみ","竹内 幸美(たけうち ゆきみ)"
"田中 耕太郎","たなか こうたろう","田中 耕太郎(たなか こうたろう)"
"田中 広一","たなか ひろかず","田中 広一(たなか ひろかず)"
"塚田 秀伸","つかだ ひでのぶ","塚田 秀伸(つかだ ひでのぶ)"
"富永 一","とみなが はじめ","富永 一(とみなが はじめ)"
"中島 賢治","なかじま けんじ","中島 賢治(なかじま けんじ)"
"中嶋 ひろあき","なかじま ひろあき","中嶋 ひろあき(なかじま ひろあき)"
"二瓶 文徳","にへい ふみのり","二瓶 文徳(にへい ふみのり)"
"原田 賢一","はらだ けんいち","原田 賢一(はらだ けんいち)"
"堀田 弥生","ほった やよい","堀田 弥生(ほった やよい)"
"松川 たけゆき","まつかわ たけゆき","松川 たけゆき(まつかわ たけゆき)"
"森谷 歩美","もりや あゆみ","森谷 歩美(もりや あゆみ)"
"山本 理恵","やまもと りえ","山本 理恵(やまもと りえ)"
"渡部 恵子","わたなべ けいこ","渡部 恵子(わたなべ けいこ)"
"渡部 博年","わたなべ ひろとし","渡部 博年(わたなべ ひろとし)"